INSERT INTO Gatunki VALUES 
	(1, 'Akcja');
INSERT INTO Gatunki VALUES 
	(2, 'Animacja');
INSERT INTO Gatunki VALUES 
	(3, 'Anime');
INSERT INTO Gatunki VALUES 
	(4, 'Biograficzny');
INSERT INTO Gatunki VALUES 
	(5, 'Dokumentalny');
INSERT INTO Gatunki VALUES 
	(6, 'Dramat');
INSERT INTO Gatunki VALUES 
	(7, 'Dramat historyczny');
INSERT INTO Gatunki VALUES 
	(8, 'Edukacyjny');
INSERT INTO Gatunki VALUES 
	(9, 'Erotyczny');
INSERT INTO Gatunki VALUES 
	(10, 'Familijny');
INSERT INTO Gatunki VALUES 
	(11, 'Fantasy');
INSERT INTO Gatunki VALUES 
	(12, 'Historyczny');
INSERT INTO Gatunki VALUES 
	(13, 'Horror');
INSERT INTO Gatunki VALUES 
	(14, 'Komedia');
INSERT INTO Gatunki VALUES 
	(15, 'Komedia romantyczna');
INSERT INTO Gatunki VALUES 
	(16, 'Krymina³');
INSERT INTO Gatunki VALUES 
	(17, 'Melodramat');
INSERT INTO Gatunki VALUES 
	(18, 'Musical');
INSERT INTO Gatunki VALUES 
	(19, 'Przygodowy');
INSERT INTO Gatunki VALUES 
	(20, 'Romans');
INSERT INTO Gatunki VALUES 
	(21, 'Sci-fi');
INSERT INTO Gatunki VALUES 
	(22, 'Thriller');
INSERT INTO Gatunki VALUES 
	(23, 'Wojenny');

INSERT INTO Filmy VALUES 
	('0000-0001-1093-0000-C-0000-0000-1', 'Król lew', 'The Lion King', 1994, 'Rob Minkoff, Roger Allers', 'Don Hahn', 'Matthew Broderick, Moira Kelly, James Earl Jones, Jeremy Irons, Nathan Lane,Ernie Sabella' )
INSERT INTO Filmy VALUES 
	('0000-0001-4149-0000-L-0000-0000-B', 'Skazani na Shawshank', 'The Shawshank Redemption', 1994, 'Frank Darabont', 'Niki Marvin', 'Tim Robbins, Morgan Freeman, Bob Gunton, William Sadler, Clancy Brown' )
INSERT INTO Filmy VALUES 
	('0000-0002-E60F-0000-0-0000-0000-3', 'Nietykalni', 'Intouchables', 2011, 'Olivier Nakache, Eric Toledano', 'Laurent Zeitoun, Nicolas Duval Adassovsky, Yann Zenou', 'François Cluzet, Omar Sy' )
INSERT INTO Filmy VALUES 
	('0000-0001-4669-0000-Z-0000-0000-6', 'Ojciec chrzestny', 'The Godfather', 1972, 'Francis Ford Coppola', 'Albert S. Ruddy', 'Marlon Brando, Al Pacino, James Caan, Robert Duvall, Diane Keaton' )
INSERT INTO Filmy VALUES 
	('0000-0000-03B6-0000-O-0000-0000-2', 'Forrest Gump', 'Forrest Gump', 1994, 'Robert Zemeckis', 'Wendy Finerman, Charles Newirth, Steve Starkey, Steve Tisch', 'Tom Hanks, Robin Wright Penn, Gary Sinise, Sally Field' )
INSERT INTO Filmy VALUES 
	('0000-0000-F0C1-0000-4-0000-0000-P', 'Piêkny umys³', 'A Beautiful Mind', 2001, 'Ron Howard', 'Ron Howard, Brian Grazer', 'Russell Crowe, Ed Harris, Jennifer Connelly, Paul Bettany' )
INSERT INTO Filmy VALUES 
	('0000-0002-B3C8-0000-3-0000-0000-S', 'Incepcja', 'Inception', 2010, 'Christopher Nolan', 'Christopher Nolan, Emma Thomas', 'Leonardo DiCaprio,, Ken Watanabe, Marion Cotillard,, Joseph Gordon-Levitt,, Ellen Page' )
INSERT INTO Filmy VALUES 
	('0000-0003-D946-0000-P-0000-0000-0', 'Whiplash', 'Whiplash', 2014, 'Damien Chazelle', 'Jason Blum, Helen Estabrook, David Lancaster, Michel Litvak', 'Miles Teller, J.K. Simmons' )
INSERT INTO Filmy VALUES 
	('0000-0001-24D0-0000-J-0000-0000-H', 'Pamiêtnik', 'The Notebook', 2004, 'Nick Cassavetes', 'Toby Emmerich, Avram Kaplan', 'Gena Rowlands, James Garner, Rachel McAdams, Ryan Gosling, Sam Shepard' )
INSERT INTO Filmy VALUES 
	('0000-0001-EDDD-0000-4-0000-0000-P', 'Mroczny Rycerz', 'The Dark Knight', 2008, 'Christopher Nolan', 'Christopher Nolan, Charles Roven, Emma Thomas', 'Christian Bale, Heath Ledger, Aaron Eckhart, Maggie Gyllenhaal, Gary Oldman, Morgan Freeman' )
INSERT INTO Filmy VALUES 
	('0000-0003-E320-0000-1-0000-0000-Y', 'Interstellar', 'Interstellar', 2014, 'Christopher Nolan', 'Emma Thomas, Christopher Nolan, Lynda Obst', 'Matthew McConaughey, Anne Hathaway, Jessica Chastain' )
INSERT INTO Filmy VALUES 
	('0000-0001-0DD1-0000-3-0000-0000-S', 'Piraci z Karaibów: Kl¹twa Czarnej Per³y', 'Pirates of the Caribbean: The Curse of the Black Pearl', 2003, 'Gore Verbinski', 'Jerry Bruckheimer', 'Johnny Depp, Orlando Bloom, Keira Knightley, Geoffrey Rush' )
INSERT INTO Filmy VALUES 
	('0000-0002-C1E8-0000-3-0000-0000-S', 'Jak zostaæ królem', 'The Kings Speech', 2010, 'Tom Hooper', 'Iain Canning, Emile Sherman, Gareth Unwin', 'Colin Firth, Geoffrey Rush, Helena Bonham Carter' )
INSERT INTO Filmy VALUES 
	('0000-0002-C1E8-0000-3-0000-2222-S', 'Fantastyczne zwierzêta i jak je znaleŸæ', 'Fantastic Beasts and Where to Find Them', 2016, 'David Yates', 'David Yates', 'Eddie Redmayne, Katherine Waterston, Dan Fogler' )

INSERT INTO FilmyGatunki VALUES
	('0000-0001-1093-0000-C-0000-0000-1', 2)
INSERT INTO FilmyGatunki VALUES
	('0000-0001-1093-0000-C-0000-0000-1', 10)
INSERT INTO FilmyGatunki VALUES
	('0000-0001-4149-0000-L-0000-0000-B', 6)
INSERT INTO FilmyGatunki VALUES
	('0000-0002-E60F-0000-0-0000-0000-3', 4)
INSERT INTO FilmyGatunki VALUES
	('0000-0002-E60F-0000-0-0000-0000-3', 6)
INSERT INTO FilmyGatunki VALUES
	('0000-0002-E60F-0000-0-0000-0000-3', 14)
INSERT INTO FilmyGatunki VALUES
	('0000-0001-4669-0000-Z-0000-0000-6', 6)
INSERT INTO FilmyGatunki VALUES
	('0000-0000-03B6-0000-O-0000-0000-2', 6)
INSERT INTO FilmyGatunki VALUES
	('0000-0000-03B6-0000-O-0000-0000-2', 14)
INSERT INTO FilmyGatunki VALUES
	('0000-0000-F0C1-0000-4-0000-0000-P', 4)
INSERT INTO FilmyGatunki VALUES
	('0000-0000-F0C1-0000-4-0000-0000-P', 6)
INSERT INTO FilmyGatunki VALUES
	('0000-0002-B3C8-0000-3-0000-0000-S', 22)
INSERT INTO FilmyGatunki VALUES
	('0000-0002-B3C8-0000-3-0000-0000-S', 6)
INSERT INTO FilmyGatunki VALUES
	('0000-0003-D946-0000-P-0000-0000-0', 6)
INSERT INTO FilmyGatunki VALUES
	('0000-0000-F0C1-0000-4-0000-0000-P', 18)
INSERT INTO FilmyGatunki VALUES
	('0000-0001-24D0-0000-J-0000-0000-H', 17)
INSERT INTO FilmyGatunki VALUES
	('0000-0001-EDDD-0000-4-0000-0000-P', 1)
INSERT INTO FilmyGatunki VALUES
	('0000-0001-EDDD-0000-4-0000-0000-P', 21)
INSERT INTO FilmyGatunki VALUES
	('0000-0003-E320-0000-1-0000-0000-Y', 21)
INSERT INTO FilmyGatunki VALUES
	('0000-0001-0DD1-0000-3-0000-0000-S', 11)
INSERT INTO FilmyGatunki VALUES
	('0000-0001-0DD1-0000-3-0000-0000-S', 19)
INSERT INTO FilmyGatunki VALUES
	('0000-0002-C1E8-0000-3-0000-0000-S', 4)
INSERT INTO FilmyGatunki VALUES
	('0000-0002-C1E8-0000-3-0000-0000-S', 7)
INSERT INTO FilmyGatunki VALUES
	('0000-0002-C1E8-0000-3-0000-2222-S', 10)
INSERT INTO FilmyGatunki VALUES
	('0000-0002-C1E8-0000-3-0000-2222-S', 11)

INSERT INTO Kopie VALUES
	(1, 'T-W', 'Dostêpny', 14, 19.99, '0000-0001-1093-0000-C-0000-0000-1')
INSERT INTO Kopie VALUES
	(2, 'T-W', 'Dostêpny', 14, 19.99, '0000-0001-1093-0000-C-0000-0000-1')
INSERT INTO Kopie VALUES
	(3, 'R-Œ', 'Dostêpny', 15, 24.99, '0000-0001-4149-0000-L-0000-0000-B')
INSERT INTO Kopie VALUES
	(4, 'R-Œ', 'Wypo¿yczony', 15, 24.99, '0000-0001-4149-0000-L-0000-0000-B')
INSERT INTO Kopie VALUES
	(5, 'R-Œ', 'Wypo¿yczony', 15, 24.99, '0000-0001-4149-0000-L-0000-0000-B')
INSERT INTO Kopie VALUES
	(6, 'N-P', 'Dostêpny', 10, 23.99, '0000-0002-E60F-0000-0-0000-0000-3')
INSERT INTO Kopie VALUES
	(7, 'N-P', 'Zarezerwowany', 10, 23.99, '0000-0002-E60F-0000-0-0000-0000-3')
INSERT INTO Kopie VALUES
	(8, 'N-P', 'Wypo¿yczony', 10, 23.99, '0000-0002-E60F-0000-0-0000-0000-3')
INSERT INTO Kopie VALUES
	(9, 'E-H', 'Zarezerwowany', 14, 29.99, '0000-0000-03B6-0000-O-0000-0000-2')
INSERT INTO Kopie VALUES
	(10, 'N-P', 'Dostêpny', 12, 18.99, '0000-0000-F0C1-0000-4-0000-0000-P')
INSERT INTO Kopie VALUES
	(11, 'N-P', 'Dostêpny', 12, 18.99, '0000-0000-F0C1-0000-4-0000-0000-P')
INSERT INTO Kopie VALUES
	(12, 'I-K', 'Wypo¿yczony', 10, 14.50, '0000-0002-B3C8-0000-3-0000-0000-S')
INSERT INTO Kopie VALUES
	(13, 'N-P', 'Wypo¿yczony', 7, 15.50, '0000-0001-24D0-0000-J-0000-0000-H')
INSERT INTO Kopie VALUES
	(14, 'N-P', 'Dostêpny', 7, 15.50, '0000-0001-24D0-0000-J-0000-0000-H')
INSERT INTO Kopie VALUES
	(15, 'L-M', 'Zarezerwowany', 21, 17.99, '0000-0001-EDDD-0000-4-0000-0000-P')
INSERT INTO Kopie VALUES
	(16, 'L-M', 'Wypo¿yczony', 21, 17.99, '0000-0001-EDDD-0000-4-0000-0000-P')
INSERT INTO Kopie VALUES
	(17, 'L-M', 'Dostêpny', 21,  17.99, '0000-0001-EDDD-0000-4-0000-0000-P')
INSERT INTO Kopie VALUES
	(18, 'I-K', 'Dostêpny', 12, 27.50, '0000-0003-E320-0000-1-0000-0000-Y')
INSERT INTO Kopie VALUES
	(19, 'I-K', 'Wypo¿yczony', 12, 27.50, '0000-0003-E320-0000-1-0000-0000-Y')
INSERT INTO Kopie VALUES
	(20, 'N-P', 'Dostêpny', 11, 20.50, '0000-0001-0DD1-0000-3-0000-0000-S')
INSERT INTO Kopie VALUES
	(21, 'N-P', 'Zarezerwowany', 11, 24.50, '0000-0001-0DD1-0000-3-0000-0000-S')
INSERT INTO Kopie VALUES
	(22, 'I-K', 'Wypo¿yczony', 18, 20.50, '0000-0002-C1E8-0000-3-0000-0000-S')
INSERT INTO Kopie VALUES
	(23, 'I-K', 'Dostêpny', 18, 20.50, '0000-0002-C1E8-0000-3-0000-0000-S')

INSERT INTO Noœniki VALUES
	(1, 'DVD', 89, 1)
INSERT INTO Noœniki VALUES
	(2, 'Blu-ray', 89, 2)
INSERT INTO Noœniki VALUES
	(3, 'DVD', 115, 3)
INSERT INTO Noœniki VALUES
	(4, 'DVD', 115, 4)
INSERT INTO Noœniki VALUES
	(5, 'Blu-ray', 125, 5)
INSERT INTO Noœniki VALUES
	(6, 'Blu-ray', 120, 6)
INSERT INTO Noœniki VALUES
	(7, 'DVD', 110, 7)
INSERT INTO Noœniki VALUES
	(8, 'DVD', 110, 8)
INSERT INTO Noœniki VALUES
	(9, 'DVD', 135, 9)
INSERT INTO Noœniki VALUES
	(10, 'DVD', 122, 10)
INSERT INTO Noœniki VALUES
	(11, 'DVD', 122, 11)
INSERT INTO Noœniki VALUES
	(12, 'Blu-ray', 147, 12)
INSERT INTO Noœniki VALUES
	(13, 'Blu-ray', 157, 13)
INSERT INTO Noœniki VALUES
	(14, 'DVD',  147, 14)
INSERT INTO Noœniki VALUES
	(15, 'DVD', 120, 15)
INSERT INTO Noœniki VALUES
	(16, 'Blu-ray',  130, 16)
INSERT INTO Noœniki VALUES
	(17, 'DVD', 120, 17)
INSERT INTO Noœniki VALUES
	(18, 'DVD',  160, 18)
INSERT INTO Noœniki VALUES
	(19, 'Blu-ray', 168, 19)
INSERT INTO Noœniki VALUES
	(20, 'DVD', 140, 20)
INSERT INTO Noœniki VALUES
	(21, 'Blu-ray', 150, 21)
INSERT INTO Noœniki VALUES
	(22, 'DVD', 222, 22)
INSERT INTO Noœniki VALUES
	(23, 'Blu-ray', 243, 23)
INSERT INTO Noœniki VALUES
	(24, 'Blu-ray', 243, 23)

INSERT INTO Adresy VALUES
	(1, 'Gdañsk', 'Saperów', '80-431', 2)
INSERT INTO Adresy VALUES
	(2, 'Gdañsk', 'Piekarnicza', '80-126', 27)
INSERT INTO Adresy VALUES
	(3, 'Gdañsk', 'P³ocka', '80-180', 24)
INSERT INTO Adresy VALUES
	(4, 'Gdañsk', 'Polna', '80-768', 71)
INSERT INTO Adresy VALUES
	(5, 'Gdañsk', 'Okr¹g', '80-871', 74)
INSERT INTO Adresy VALUES
	(6, 'Gdañsk', 'Olsztyñska', '80-395', 42)
INSERT INTO Adresy VALUES
	(7, 'Gdañsk', 'Osty', '80-716', 33)
INSERT INTO Adresy VALUES
	(8, 'Gdañsk', 'Kadetów', '80-298', 40)
INSERT INTO Adresy VALUES
	(9, 'Gdañsk', 'Zamkowa', '80-839', 159)
INSERT INTO Adresy VALUES
	(10, 'Gdañsk', '¯wirki i Wigury', '80-463', 210)
INSERT INTO Adresy VALUES
	(11, 'Gdynia', 'Akacjowa', '81-520', 99)
INSERT INTO Adresy VALUES
	(12, 'Gdynia', 'Brodnicka', '81-052', 141)

INSERT INTO Osoby VALUES
	(1, 'Katarzyna', 'Trzciñska', 517518600, 'kstrzcinska@gmail.com')
INSERT INTO Osoby VALUES
	(2, 'Klaudia', 'Trzciñska', 608608500, 'klaudiatrzcinska@gmail.com')
INSERT INTO Osoby VALUES
	(3, 'Anna', 'Ojdowska', 600517666, 'annaojdowska@gmail.com')
INSERT INTO Osoby VALUES
	(4, 'Aleksander', 'Kania', 789444524, 'aleksanderkania@gmail.com')
INSERT INTO Osoby VALUES
	(5, 'Mateusz', 'Szypulski', 500715608, 'mateuszszypulski@gmail.com')
INSERT INTO Osoby VALUES
	(6, 'Tomasz', 'Kononowicz', 700414500, 'tomaszkononowicz@gmail.com')
INSERT INTO Osoby VALUES
	(7, 'Marianna', 'Jemielity', 500750662, 'mariannajemielity@gmail.com')
INSERT INTO Osoby VALUES
	(8, 'Tomasz', 'Ko³odziej', 781444255, 'tomaszkolodziej@gmail.com')
INSERT INTO Osoby VALUES
	(9, 'Micha³', 'Konstantynowicz', 500411780, 'michalkonstantynowicz@gmail.com')
INSERT INTO Osoby VALUES
	(10, 'Oskar', 'Kowalewski', 540111478, 'oskarkowalewski@gmail.com')
INSERT INTO Osoby VALUES
	(11, 'Micha³', 'Kazanowski', 600500422, 'michalkazanowski@gmail.com')
INSERT INTO Osoby VALUES
	(12, 'Piotr', 'K¹kol', 666785505, '')
INSERT INTO Osoby VALUES
	(13, 'Tymoteusz', 'Konkol', 505606801, 'tymoteuszkonkol@gmail.com')
INSERT INTO Osoby VALUES
	(14, 'Mateusz', 'Józefiak', 789444505, 'matjozefiak@gmail.com')
INSERT INTO Osoby VALUES
	(15, 'Jan', 'Komiñczyk', 707505555, 'jankominczyk@gmail.com')
INSERT INTO Osoby VALUES
	(16, 'Jan', 'Koz³owski', 707788777, 'jankozlowski@gmail.com')

INSERT INTO Klienci VALUES
	('2016-08-01', 3, 3)
INSERT INTO Klienci VALUES
	('2016-08-05', 4, 4)
INSERT INTO Klienci VALUES
	('2016-09-10', 5, 5)
INSERT INTO Klienci VALUES
	('2016-09-02', 6, 6)
INSERT INTO Klienci VALUES
	('2016-10-11', 7, 6)
INSERT INTO Klienci VALUES
	('2016-10-11', 8, 6)
INSERT INTO Klienci VALUES
	('2016-10-15', 11, 9)
INSERT INTO Klienci VALUES
	('2016-10-22', 12, 9)
INSERT INTO Klienci VALUES
	('2016-11-07', 13, 10)
INSERT INTO Klienci VALUES
	('2016-11-12', 14, 11)
INSERT INTO Klienci VALUES
	('2016-12-05', 16, NULL)

INSERT INTO Pracownicy VALUES
	('Dyrektor', 20.48, '2016-05-01', 1, 1, NULL)
INSERT INTO Pracownicy VALUES
	('Ekspedient', 10.50, '2016-06-10', 2, 2, 1)
INSERT INTO Pracownicy VALUES
	('Sprz¹tacz', 8.50, '2016-06-10', 9, 7, 1)
INSERT INTO Pracownicy VALUES
	('Ekspedient', 9.50, '2016-07-10', 10, 8, 2)
INSERT INTO Pracownicy VALUES
	('Ekspedient', 8.50, '2016-09-10', 15, 12, 2)

INSERT INTO Rezerwacje VALUES 
	(1, '2016-11-12', 2, 3)
INSERT INTO Rezerwacje VALUES 
	(2, '2016-11-15', 17, 4)
INSERT INTO Rezerwacje VALUES 
	(3, '2016-12-01', 7, 3)
INSERT INTO Rezerwacje VALUES 
	(4, '2016-12-05', 15, 7)
INSERT INTO Rezerwacje VALUES 
	(5, '2016-12-06', 9, 8)
INSERT INTO Rezerwacje VALUES 
	(6, '2016-12-06', 21, 14)

INSERT INTO Wypo¿yczenia VALUES 
	(1, '2016-11-01', 0, 19.99, 5, 2)
INSERT INTO Wypo¿yczenia VALUES 
	(2, '2016-11-02', 0, 23.99, 6, 10)
INSERT INTO Wypo¿yczenia VALUES 
	(3, '2016-11-08', 0, 36.00, 5, 10)
INSERT INTO Wypo¿yczenia VALUES 
	(4, '2016-11-09', 0.50, 17.99, 7, 10)
INSERT INTO Wypo¿yczenia VALUES 
	(5, '2016-11-11', 0, 20.50, 8, 2)
INSERT INTO Wypo¿yczenia VALUES 
	(6, '2016-11-12', 0.50, 15.50, 8, 2)
INSERT INTO Wypo¿yczenia VALUES 
	(7, '2016-12-01', 0, 42.98, 11, 10)
INSERT INTO Wypo¿yczenia VALUES 
	(8, '2016-12-02', 0, 39.49, 12, 10)
INSERT INTO Wypo¿yczenia VALUES 
	(9, '2016-12-02', 0, 36.00, 13, 2)
INSERT INTO Wypo¿yczenia VALUES 
	(10, '2016-12-03', 0, 51.49, 14, 10)

INSERT INTO Pozycje_wypo¿yczenia VALUES 
	(1, 0.0, '2016-11-10', 2, 1)
INSERT INTO Pozycje_wypo¿yczenia VALUES 
	(1, 0.0, '2016-11-05', 6, 2)
INSERT INTO Pozycje_wypo¿yczenia VALUES 
	(1, 0.0, '2016-11-12', 13, 3)
INSERT INTO Pozycje_wypo¿yczenia VALUES 
	(2, 0.0, '2016-11-15', 20, 3)
INSERT INTO Pozycje_wypo¿yczenia VALUES 
	(1, 0.0, '2016-01-12', 17, 4)
INSERT INTO Pozycje_wypo¿yczenia VALUES 
	(1, 0.0, '2016-11-22', 22, 5)
INSERT INTO Pozycje_wypo¿yczenia VALUES 
	(1, 0.0, '2016-11-20', 13, 6)
INSERT INTO Pozycje_wypo¿yczenia VALUES 
	(1, 0.0, NULL, 4, 7)
INSERT INTO Pozycje_wypo¿yczenia VALUES 
	(2, 0.0, NULL, 16, 7)
INSERT INTO Pozycje_wypo¿yczenia VALUES 
	(1, 0.0, NULL, 5, 8)
INSERT INTO Pozycje_wypo¿yczenia VALUES 
	(2, 0.0, NULL, 12, 8)
INSERT INTO Pozycje_wypo¿yczenia VALUES 
	(1, 0.0, NULL, 13, 9)
INSERT INTO Pozycje_wypo¿yczenia VALUES 
	(2, 0.0, NULL, 22, 9)
INSERT INTO Pozycje_wypo¿yczenia VALUES 
	(1, 0.0, NULL, 8, 10)
INSERT INTO Pozycje_wypo¿yczenia VALUES 
	(2, 0.0, NULL, 19, 10)

INSERT INTO Faktury VALUES
	(1, 19.99, 1)
INSERT INTO Faktury VALUES
	(2, 23.99, 2)
INSERT INTO Faktury VALUES
	(3, 36.00, 3)
INSERT INTO Faktury VALUES
	(4, 17.99, 4)
INSERT INTO Faktury VALUES
	(5, 0.50, 4)
INSERT INTO Faktury VALUES
	(6, 20.50, 5)
INSERT INTO Faktury VALUES
	(7, 15.50, 6)
INSERT INTO Faktury VALUES
	(8, 0.50, 6)
INSERT INTO Faktury VALUES
	(9, 42.98, 7)
INSERT INTO Faktury VALUES
	(10, 39.49, 8)
INSERT INTO Faktury VALUES
	(11, 36.00, 9)
INSERT INTO Faktury VALUES
	(12, 51.49, 10)